{
  "users": [
    {
      "id": "admin-user-id",
      "email": "admin@rewear.com",
      "password": "admin123",
      "fullName": "Admin User",
      "phoneNumber": "9876543210",
      "shippingAddress": "Address Here",
      "points": 10000,
      "isAdmin": true
    },
    {
      "id": "user-1752317218294",
      "fullName": "",
      "email": "test@gmail.com",
      "password": "test123",
      "phoneNumber": "",
      "shippingAddress": "",
      "points": 50,
      "isAdmin": false
    }
  ],
  "items": [
  ]
}